{"cameraMode":{"drawMode":0,"name":"Shaded","section":"Shading Mode"},"sceneLighting":false,"audioPlay":false,"sceneViewState":{"showFog":true,"showMaterialUpdate":false,"showSkybox":false,"showFlares":true,"showImageEffects":true,"showParticleSystems":true},"in2DMode":false,"pivot":{"x":0.01542586088180542,"y":2.749239921569824,"z":-0.037183165550231937},"rotation":{"x":0.0077806515619158749,"y":0.9904191493988037,"z":-0.12275105714797974,"w":0.06277833878993988},"size":1.905954122543335,"orthographic":false}