{"cameraMode":{"drawMode":0,"name":"Shaded","section":"Shading Mode"},"sceneLighting":false,"audioPlay":false,"sceneViewState":{"showFog":true,"showMaterialUpdate":false,"showSkybox":false,"showFlares":true,"showImageEffects":true,"showParticleSystems":true},"in2DMode":false,"pivot":{"x":-0.003365457057952881,"y":0.2597937285900116,"z":-0.019939839839935304},"rotation":{"x":-0.026687320321798326,"y":0.8950029611587524,"z":-0.05404302105307579,"w":-0.4419781565666199},"size":0.344704270362854,"orthographic":false}